player,team,season,TOI,position,xPKS,PKS,xga_per60,ga_per60,pk_blocks_per60,pk_takeaways_per60,pk_giveaways_per60,sh_goals_per60,Rank,gap
Eric Robinson,CAR,20242025,61.35,L,20.0,15.8,6.54278728606357,5.867970660146699,0.0,0.0,0.0,0.0,1,-4.199999999999999
Quinton Byfield,L.A,20242025,123.76666666667,R,20.0,20.0,6.641529760301464,3.8782655534607087,0.0,0.0,0.0,0.4847831941825886,2,0.0
Warren Foegele,L.A,20242025,123.55,L,20.0,9.6,5.482800485633346,6.313233508700932,0.0,0.0,0.0,0.0,3,-10.4
Connor Brown,EDM,20242025,128.85,R,20.0,4.4,6.169965075669383,8.847497089639116,0.0,0.0,0.0,0.4656577415599534,4,-15.6
Sean Walker,CAR,20242025,64.2,D,20.0,20.0,6.121495327102804,3.7383177570093458,0.0,0.0,1.8691588785046729,0.0,5,0.0
K'Andre Miller,NYR,20242025,161.3,D,20.0,13.8,6.420334779913206,6.323620582765034,0.7439553626782393,0.3719776813391196,0.0,0.0,6,-6.199999999999999
Brad Marchand,"BOS, FLA",20242025,91.633333333333,L,20.0,14.6,4.917424518006566,4.583484903601327,4.583484903601327,1.3095671153146646,11.786104037831985,0.0,7,-5.4
Jonas Siegenthaler,N.J,20242025,106.1,D,20.0,16.2,5.3327049952874646,3.393025447690858,0.0,0.0,0.0,0.0,8,-3.8000000000000007
Thomas Harley,DAL,20242025,114.95,D,20.0,20.0,5.9869508481948674,3.6537625054371454,0.5219660722053067,0.5219660722053067,0.0,0.0,9,0.0
Luke Schenn,"NSH, WPG",20242025,95.133333333333,D,19.9,8.6,5.846531184302753,6.937631394534012,0.0,0.0,0.0,0.0,10,-11.299999999999999
Erik Haula,N.J,20242025,101.35,L,19.8,20.0,5.547113961519487,1.7760236803157374,0.0,0.0,0.0,0.0,11,0.1999999999999993
Jalen Chatfield,CAR,20242025,138.28333333333,D,19.7,18.9,8.161504158129642,4.77280944919862,0.0,0.0,0.0,0.0,12,-0.8000000000000007
Zach Benson,BUF,20242025,66.95,L,19.6,11.3,5.798356982823002,6.273338312173264,5.37714712471994,0.8961911874533234,2.68857356235997,0.0,13,-8.3
Sam Steel,DAL,20242025,148.8,C,18.8,16.2,7.249999999999999,5.241935483870967,0.0,0.0,0.0,0.4032258064516129,14,-2.6000000000000014
Ilya Mikheyev,CHI,20242025,155.83333333333,R,18.7,12.1,5.902459893048254,6.545454545454686,0.0,0.0,0.0,1.155080213903768,15,-6.6
Oliver Ekman-Larsson,TOR,20242025,82.333333333333,D,18.5,7.6,5.50931174089071,8.016194331983838,0.7287449392712579,0.0,0.7287449392712579,0.0,16,-10.9
Barrett Hayton,UTA,20242025,68.916666666667,C,18.4,14.4,7.0084643288996045,6.094316807738786,0.8706166868198265,0.0,0.0,0.0,17,-3.9999999999999982
Seth Jarvis,CAR,20242025,133.21666666667,C,18.3,17.8,7.404478919053989,4.954335043162644,3.1527586638307734,3.603152758663741,0.9007881896659352,2.251970474164838,18,-0.5
Jaccob Slavin,CAR,20242025,221.23333333333,D,18.3,14.8,6.376073527196119,4.881723670333055,0.2712068705740586,0.5424137411481172,0.0,0.0,19,-3.5
Sebastian Aho,CAR,20242025,129.85,C,18.1,18.9,7.35618020793223,4.620716211012708,0.9241432422025416,0.0,9.241432422025415,1.386214863303812,20,0.7999999999999972
Mark Jankowski,"CAR, NSH",20242025,103.45,"C, L",18.1,10.6,6.403093281778636,5.219913001449975,0.0,0.0,0.0,0.0,21,-7.500000000000002
Brady Skjei,NSH,20242025,189.71666666667,D,18.1,11.0,6.84389001142042,6.957744004216693,0.0,0.0,0.3162610911007587,0.0,22,-7.100000000000001
Niko Mikkola,FLA,20242025,134.78333333333,D,18.0,6.1,5.591195746259567,7.567701248918203,0.0,0.0,0.0,0.0,23,-11.9
Phillip Danault,L.A,20242025,140.9,C,17.9,16.1,6.613200851667848,5.11000709723208,0.0,0.4258339247693399,0.4258339247693399,0.0,24,-1.7999999999999972
Dmitry Orlov,CAR,20242025,148.43333333333,D,17.7,14.9,8.407814956209487,6.467549966314989,0.0,0.0,0.0,0.0,25,-2.799999999999999
Beck Malenstyn,BUF,20242025,109.35,L,17.6,11.3,6.063100137174212,6.584362139917696,0.0,0.0,0.0,0.0,26,-6.300000000000001
Jordan Staal,CAR,20242025,159.75,C,17.4,14.6,7.323943661971831,5.258215962441315,0.3755868544600939,0.0,0.0,0.7511737089201878,27,-2.799999999999999
Tyson Foerster,PHI,20242025,75.0,R,17.4,7.7,7.223999999999999,8.0,0.0,0.8,0.0,0.0,28,-9.7
Trevor van Riemsdyk,WSH,20242025,126.93333333333,D,17.3,18.5,5.875525210084188,3.781512605042116,0.0,0.0,0.0,0.0,29,1.1999999999999993
Will Cuylle,NYR,20242025,88.366666666667,L,17.0,14.8,6.932478310071645,5.431912485854374,0.0,0.0,0.0,1.3579781214635935,30,-2.1999999999999993
Trevor Moore,L.A,20242025,126.28333333333,L,16.9,14.0,6.5091724957108745,5.701464959746752,0.0,0.4751220799788959,0.4751220799788959,0.4751220799788959,31,-2.8999999999999986
Braden Schneider,NYR,20242025,137.2,D,16.5,16.2,6.966472303206997,5.247813411078718,0.0,0.0,0.0,0.4373177842565598,32,-0.3000000000000007
Nick Blankenburg,NSH,20242025,137.73333333333,D,16.5,7.9,7.035333978702977,8.712487899322573,0.0,0.8712487899322573,0.0,0.0,33,-8.6
Jordan Martinook,CAR,20242025,168.06666666667,L,16.5,18.4,7.193573978579786,3.570011900039596,0.3570011900039596,0.0,0.0,0.0,34,1.8999999999999986
Conor Garland,VAN,20242025,63.7,R,16.4,8.1,6.885400313971742,7.535321821036106,0.0,0.0,2.82574568288854,0.0,35,-8.299999999999999
Adrian Kempe,L.A,20242025,113.93333333333,R,16.3,12.0,6.909303686366498,6.846108835576561,0.0,0.0,0.5266237565828124,0.0,36,-4.300000000000001
Ryan O'Reilly,NSH,20242025,64.35,C,16.3,15.1,6.517482517482518,4.662004662004662,1.864801864801865,1.864801864801865,0.9324009324009324,0.0,37,-1.200000000000001
Jesper Boqvist,FLA,20242025,93.366666666667,C,16.2,3.7,5.500892538379131,7.068903962870378,0.0,0.0,0.0,0.6426276329882162,38,-12.5
Nick Seeler,PHI,20242025,116.1,D,16.2,2.3,5.974160206718347,8.2687338501292,0.0,0.0,0.0,0.0,39,-13.899999999999999
Parker Wotherspoon,BOS,20242025,70.116666666667,D,16.1,19.6,7.923936296648405,3.4228666508200454,0.0,0.0,0.0,0.0,40,3.5
Brett Kulak,EDM,20242025,135.8,D,16.1,10.0,6.030927835051545,7.06921944035346,0.0,0.0,0.0,0.0,41,-6.100000000000001
Joel Edmundson,L.A,20242025,145.51666666667,D,16.0,17.9,6.221967701294096,4.535562936662362,0.0,0.0,0.0,0.0,42,1.8999999999999986
Roman Josi,NSH,20242025,70.716666666667,D,15.9,20.0,7.466415272213023,3.393825123733192,0.848456280933298,0.848456280933298,0.0,0.0,43,4.1
Jack Drury,"CAR, COL",20242025,95.183333333333,C,15.8,7.7,8.049728593941545,8.19471195937667,1.26072491682718,0.0,0.0,0.0,44,-8.100000000000001
Wyatt Kaiser,CHI,20242025,88.983333333333,D,15.7,17.2,7.066491852406845,4.045701442217659,0.0,0.0,0.0,0.0,45,1.5
Kiefer Sherwood,VAN,20242025,111.3,L,15.6,14.7,6.878706199460916,5.929919137466308,1.078167115902965,0.0,0.0,0.5390835579514826,46,-0.9000000000000004
Samuel Girard,COL,20242025,106.93333333333,D,15.5,8.4,6.5087281795513245,7.85536159601022,0.0,0.0,0.5610972568578729,0.0,47,-7.1
Mathieu Olivier,CBJ,20242025,73.833333333333,R,15.5,10.3,7.126862302483102,7.313769751693035,0.0,0.0,0.0,0.8126410835214484,48,-5.199999999999999
Anton Lundell,FLA,20242025,154.18333333333,C,15.4,14.2,7.164198465030961,5.837206788455428,0.0,0.0,0.0,0.3891471192303618,49,-1.200000000000001
Sam Carrick,NYR,20242025,91.833333333333,C,15.4,17.2,7.389473684210553,4.573502722323066,0.0,0.0,0.0,0.653357531760438,50,1.799999999999999
Roope Hintz,DAL,20242025,89.8,C,15.3,11.1,7.690423162583519,7.349665924276169,0.0,0.0,0.0,0.0,51,-4.200000000000001
Tom Wilson,WSH,20242025,126.61666666667,R,15.2,9.9,6.757404238515025,6.634197709622044,1.4216137949190095,0.0,0.0,0.9477425299460064,52,-5.299999999999999
Artturi Lehkonen,COL,20242025,64.8,L,15.2,16.8,6.75,4.62962962962963,0.925925925925926,0.0,1.851851851851852,0.925925925925926,53,1.6000000000000014
Michael McCarron,NSH,20242025,168.53333333333,"C, R",15.1,12.8,6.280063291139364,6.408227848101393,0.0,0.0,0.0,0.0,54,-2.299999999999999
Brent Burns,CAR,20242025,184.8,D,15.0,17.4,6.581168831168831,3.896103896103896,1.2987012987012987,0.6493506493506493,1.6233766233766234,0.0,55,2.3999999999999986
Derek Forbort,VAN,20242025,113.95,D,15.0,20.0,6.7082053532250985,2.632733655111891,0.0,0.0,0.0,0.0,56,5.0
Seth Jones,"CHI, FLA",20242025,160.83333333333,D,15.0,12.3,6.629222797927599,6.715025906735891,0.3730569948186606,0.0,0.3730569948186606,0.0,57,-2.6999999999999993
Mikey Anderson,L.A,20242025,230.26666666667,D,14.9,13.9,7.05616676317303,5.9930515344527215,0.0,0.0,0.0,0.0,58,-1.0
Victor Hedman,T.B,20242025,120.13333333333,D,14.9,17.7,8.455604883463055,4.994450610432991,0.0,0.0,0.4994450610432991,0.0,59,2.799999999999999
Eetu Luostarinen,FLA,20242025,157.58333333333,C,14.9,14.3,6.887784241142399,6.092014806980563,0.0,0.0,0.0,0.3807509254362852,60,-0.5999999999999996
Kyle Connor,WPG,20242025,64.916666666667,L,14.9,14.4,6.636200256739375,4.621309370988423,0.0,0.0,0.9242618741976846,0.9242618741976846,61,-0.5
Brett Pesce,N.J,20242025,152.86666666667,D,14.9,16.6,6.986480593109311,3.9249890972524217,0.0,0.0,0.0,0.3924989097252422,62,1.700000000000001
Gustav Nyquist,"MIN, NSH",20242025,101.43333333333,"C, R",14.7,11.8,6.577719355899,6.5067367729216725,0.0,0.0,1.1830430496221225,0.5915215248110611,63,-2.8999999999999986
Vincent Desharnais,"PIT, S.J, VAN",20242025,73.716666666667,D,14.7,14.4,5.502147863441079,4.883563192403324,0.0,0.0,0.0,0.0,64,-0.29999999999999893
Lucas Raymond,DET,20242025,60.0,L,14.6,12.4,7.609999999999999,6.0,0.0,2.0,0.0,1.0,65,-2.1999999999999993
MacKenzie Weegar,CGY,20242025,143.36666666667,D,14.5,8.4,6.449197860962417,7.114624505928688,0.0,0.4185073238781581,0.8370146477563163,0.0,66,-6.1
Logan O'Connor,COL,20242025,150.96666666667,R,14.5,7.7,6.259659969087961,8.346213292117282,0.0,0.0,0.0,0.0,67,-6.8
Brayden Pachal,CGY,20242025,92.216666666667,D,14.4,8.5,6.773179107175107,8.458340863907434,0.0,0.0,0.0,0.0,68,-5.9
Wyatt Johnston,DAL,20242025,117.65,C,14.3,12.7,7.267318317042073,6.119847003824904,0.509987250318742,0.0,0.509987250318742,1.019974500637484,69,-1.6000000000000014
Vladislav Gavrikov,L.A,20242025,254.68333333333,D,14.3,11.0,7.022838819449079,7.067600287939364,0.0,0.0,0.0,0.0,70,-3.3000000000000007
Charlie McAvoy,BOS,20242025,81.8,D,14.3,-2.7,5.838630806845966,9.535452322738386,2.2004889975550124,3.6674816625916873,4.400977995110025,0.7334963325183375,71,-17.0
Thomas Chabot,OTT,20242025,148.78333333333,D,14.2,18.4,8.158171838243714,4.839251708300769,0.4032709756917307,0.0,0.4032709756917307,0.0,72,4.199999999999999
Ryan McLeod,BUF,20242025,178.33333333333,C,14.0,12.9,6.8500934579440536,6.3925233644861015,1.0093457943925424,0.3364485981308474,1.3457943925233895,0.6728971962616949,73,-1.0999999999999996
Vincent Trocheck,NYR,20242025,177.25,C,14.0,13.4,8.956840620592384,6.770098730606488,1.0155148095909734,0.0,0.3385049365303244,1.692524682651622,74,-0.5999999999999996
Damon Severson,CBJ,20242025,91.833333333333,D,14.0,10.4,6.873321234119807,7.8402903811252544,0.0,0.0,0.653357531760438,0.0,75,-3.5999999999999996
Lars Eller,"PIT, WSH",20242025,76.9,C,13.9,11.5,6.71781534460338,6.24187256176853,0.0,0.0,0.0,0.0,76,-2.4000000000000004
Mattias Janmark,EDM,20242025,125.2,C,13.9,9.7,6.958466453674121,8.146964856230031,0.0,0.0,0.0,0.0,77,-4.200000000000001
Andrew Peeke,BOS,20242025,131.35,D,13.8,13.5,6.9158736200989726,5.938332698896079,0.0,0.0,0.0,0.0,78,-0.3000000000000007
Charlie Coyle,"BOS, COL",20242025,156.65,C,13.8,1.8,7.522502393871688,9.57548675390999,0.7660389403127992,1.5320778806255984,1.915097350781998,0.0,79,-12.0
Bowen Byram,BUF,20242025,144.3,D,13.6,5.8,7.559251559251558,9.147609147609147,0.8316008316008315,0.8316008316008315,1.663201663201663,0.0,80,-7.8
Aliaksei Protas,WSH,20242025,117.61666666667,C,13.6,11.9,6.483774975201744,6.63171319257456,0.0,0.0,0.0,1.530395352132591,81,-1.6999999999999993
Dmitry Kulikov,FLA,20242025,136.23333333333,D,13.5,14.0,7.262539760215494,5.72547100562774,0.0,0.0,0.0,0.0,82,0.5
Cole Smith,NSH,20242025,165.16666666667,"L, R",13.5,16.7,6.814934409687047,5.085771947527647,0.0,0.0,0.0,0.0,83,3.1999999999999993
Joel Hanley,CGY,20242025,68.083333333333,D,13.5,19.9,6.9532435740514416,3.525091799265623,0.0,0.0,0.0,0.0,84,6.399999999999999
Danton Heinen,"PIT, VAN",20242025,73.95,L,13.4,11.9,7.326572008113589,6.490872210953347,0.0,0.0,0.0,0.8113590263691683,85,-1.5
Chris Kreider,NYR,20242025,115.13333333333,L,13.4,12.3,7.8899826288363615,6.253618992472677,1.0422698320787795,0.0,0.0,2.084539664157559,86,-1.0999999999999996
Zach Werenski,CBJ,20242025,129.16666666667,D,13.3,10.7,8.017548387096568,8.361290322580428,0.0,0.0,0.464516129032246,0.464516129032246,87,-2.6000000000000014
Mika Zibanejad,NYR,20242025,157.4,C,13.3,12.5,7.31130876747141,5.717916137229987,0.3811944091486658,0.3811944091486658,1.5247776365946633,0.0,88,-0.8000000000000007
Jansen Harkins,ANA,20242025,95.35,C,13.2,15.0,7.607760880964867,5.034084950183535,0.0,0.0,0.0,0.0,89,1.8000000000000007
Pavel Zacha,BOS,20242025,138.58333333333,C,13.2,8.7,6.663138905592464,8.226097414311685,2.164762477450443,0.4329524954900886,4.329524954900886,0.4329524954900886,90,-4.5
Filip Hronek,VAN,20242025,137.88333333333,D,13.2,16.2,8.159071678955836,5.656956364076047,0.0,0.0,0.0,0.0,91,3.0
Alex Killorn,ANA,20242025,154.86666666667,L,13.2,0.0,7.922944468359709,11.62290142057659,0.7748600947051061,0.387430047352553,2.712010331467871,0.387430047352553,92,-13.2
Pius Suter,VAN,20242025,176.6,C,13.1,19.5,8.103057757644393,3.3975084937712343,0.3397508493771234,0.0,0.3397508493771234,0.3397508493771234,93,6.4
Philip Broberg,STL,20242025,91.883333333333,D,13.0,5.7,7.502992925811744,9.795029929258153,0.0,0.0,0.0,0.0,94,-7.3
Reilly Smith,"NYR, VGK",20242025,131.0,R,12.9,17.0,7.749618320610688,4.580152671755726,0.4580152671755725,0.0,1.83206106870229,0.916030534351145,95,4.1
Mikael Pyyhtia,CBJ,20242025,65.433333333333,L,12.8,12.8,6.794701986755002,7.335710646968963,0.0,0.0,0.0,0.9169638308711204,96,0.0
Rasmus Ristolainen,PHI,20242025,111.13333333333,D,12.8,6.4,6.678464307138772,7.558488302339758,0.0,0.0,0.0,0.0,97,-6.4
Drew O'Connor,"PIT, VAN",20242025,117.85,L,12.8,9.3,7.356809503606279,8.145948239287229,0.0,0.5091217649554518,0.0,0.0,98,-3.5
Jesper Bratt,N.J,20242025,122.86666666667,L,12.8,13.3,7.696147585458283,4.883342376559824,0.0,0.0,0.9766684753119648,0.4883342376559824,99,0.5
Joel Kiviranta,COL,20242025,110.71666666667,L,12.7,15.4,8.172211350293296,5.4192382959504615,0.0,0.0,0.0,0.5419238295950461,100,2.700000000000001
J.J. Moser,T.B,20242025,85.733333333333,D,12.6,16.9,7.306376360808738,4.89891135303268,0.0,0.0,0.0,0.6998444790046685,101,4.299999999999999
Colton Sissons,NSH,20242025,144.26666666667,C,12.4,14.3,8.355360443622727,6.238447319778045,0.0,0.0,0.0,0.0,102,1.9000000000000004
Owen Power,BUF,20242025,110.6,D,12.4,14.1,6.016274864376131,5.424954792043399,0.5424954792043399,0.5424954792043399,1.62748643761302,0.0,103,1.6999999999999993
Jacob Trouba,"ANA, NYR",20242025,183.1,D,12.4,13.6,8.146368104860732,6.226105953031131,0.3276897870016385,0.0,0.655379574003277,0.0,104,1.1999999999999993
Matt Roy,WSH,20242025,116.0,D,12.1,13.5,6.806896551724138,5.172413793103448,0.0,0.0,0.0,0.0,105,1.4000000000000004
Kevin Rooney,CGY,20242025,127.73333333333,C,12.1,7.7,7.163361169102484,8.455114822547193,0.0,0.0,0.0,0.0,106,-4.3999999999999995
Adam Fox,NYR,20242025,143.93333333333,D,12.1,5.5,8.578971746178983,9.17091245947219,0.4168596572487358,0.4168596572487358,0.0,0.0,107,-6.6
Oskar Sundqvist,STL,20242025,61.383333333333,C,11.9,3.7,7.106163453706256,8.797176215042134,0.0,0.9774640238935705,0.0,0.0,108,-8.2
Marat Khusnutdinov,"BOS, MIN",20242025,85.016666666667,C,11.9,-3.8,6.182317192707288,11.291903548323813,0.0,0.7057439717702383,2.117231915310715,0.0,109,-15.7
William Eklund,S.J,20242025,90.7,L,11.9,5.8,8.712238147739802,10.584343991179711,0.6615214994487321,0.0,1.323042998897464,0.6615214994487321,110,-6.1000000000000005
Nikita Zadorov,BOS,20242025,164.36666666667,D,11.8,5.8,7.289799229365092,8.760900425876926,0.0,0.0,0.0,0.0,111,-6.000000000000001
Zemgus Girgensons,T.B,20242025,124.78333333333,C,11.8,10.6,6.933618271671081,7.693335114198148,0.0,0.0,0.0,0.0,112,-1.200000000000001
Luke Glendening,T.B,20242025,126.4,C,11.8,9.5,6.878164556962025,8.069620253164556,0.0,0.0,0.0,0.4746835443037974,113,-2.3000000000000007
Alexey Toropchenko,STL,20242025,91.633333333333,R,11.7,5.8,7.366315023644989,8.51218624954532,0.0,0.0,0.0,0.0,114,-5.8999999999999995
Nico Sturm,"FLA, S.J",20242025,74.85,C,11.7,3.8,8.721442885771543,9.619238476953909,0.0,0.0,0.0,0.8016032064128257,115,-7.8999999999999995
Nicolas Hague,VGK,20242025,65.083333333333,D,11.6,9.1,8.029705505761886,7.375160051216427,0.0,0.0,0.0,0.0,116,-2.5
Noah Cates,PHI,20242025,111.53333333333,L,11.6,7.7,7.283921099820898,6.9934249850569925,0.0,0.0,0.0,0.0,117,-3.8999999999999995
Justin Faulk,STL,20242025,102.48333333333,D,11.6,9.8,7.429500731826555,7.025532606928185,0.5854610505773488,0.0,0.5854610505773488,0.0,118,-1.799999999999999
Brandon Hagel,T.B,20242025,149.83333333333,L,11.5,14.0,8.905895439377284,5.606229143492895,0.800889877641842,0.0,1.601779755283684,0.800889877641842,119,2.5
Zach Whitecloud,VGK,20242025,78.066666666667,D,11.5,3.1,6.3714773697694,7.685738684884681,0.0,0.0,0.0,0.0,120,-8.4
Conor Timmins,"PIT, TOR",20242025,112.96666666667,D,11.4,11.8,6.8356447329593735,6.9046916494539134,0.0,0.0,0.0,0.0,121,0.40000000000000036
Kaiden Guhle,MTL,20242025,113.31666666667,D,11.3,16.6,5.459038093837169,3.1769377849682843,0.0,0.0,0.0,0.0,122,5.300000000000001
Devon Toews,COL,20242025,170.66666666667,D,11.2,14.1,8.036718749999842,6.328124999999876,1.0546874999999791,0.0,0.0,0.0,123,2.9000000000000004
Teddy Blueger,VAN,20242025,165.88333333333,C,11.0,20.0,8.221440771626812,2.893599919622283,0.0,0.0,0.0,0.0,124,9.0
Josh Manson,COL,20242025,67.8,D,11.0,5.3,6.9115044247787605,8.849557522123893,0.0,0.0,0.0,0.0,125,-5.7
Alec Martinez,CHI,20242025,60.383333333333,D,11.0,15.4,7.571625724537718,4.968258349434198,0.0,0.0,0.0,0.0,126,4.4
Brandon Carlo,"BOS, TOR",20242025,205.76666666667,D,10.9,0.9,7.864247529564104,10.497327069496023,0.0,0.0,0.0,0.0,127,-10.0
Marcus Pettersson,"PIT, VAN",20242025,191.7,D,10.9,11.6,6.888888888888889,7.198748043818466,0.0,0.0,0.0,0.0,128,0.6999999999999993
Steven Lorentz,TOR,20242025,91.083333333333,C,10.9,12.6,5.665141811527925,6.587374199451076,0.0,0.0,0.0,0.6587374199451076,129,1.6999999999999993
Erik Cernak,T.B,20242025,169.65,D,10.8,11.8,7.685234305923961,6.719717064544651,0.0,0.0,0.0,0.0,130,1.0
Shane Pinto,OTT,20242025,133.9,C,10.8,12.6,7.864077669902913,7.617625093353248,0.0,0.0,0.4480955937266617,1.344286781179985,131,1.799999999999999
Ridly Greig,OTT,20242025,135.25,C,10.8,11.6,8.521996303142329,7.985212569316081,0.0,0.0,1.7744916820702403,0.8872458410351202,132,0.7999999999999989
Cale Makar,COL,20242025,164.13333333333,D,10.8,10.6,8.597887896019671,8.042242079610237,0.0,0.7311129163282033,0.0,0.7311129163282033,133,-0.20000000000000107
Jeremy Lauzon,NSH,20242025,72.116666666667,D,10.7,20.0,7.93713889530849,2.4959556274555004,0.0,0.0,0.0,0.0,134,9.3
Tyler Myers,VAN,20242025,152.73333333333,D,10.6,12.9,7.774334351811605,6.678306416412194,0.0,0.0,0.0,0.3928415539065996,135,2.3000000000000007
Kris Letang,PIT,20242025,154.76666666667,D,10.6,6.2,7.249623088520196,8.528968339435526,0.0,0.0,0.7753607581305024,0.0,136,-4.3999999999999995
Travis Konecny,PHI,20242025,98.25,R,10.6,6.8,6.680916030534351,7.32824427480916,0.6106870229007634,0.0,0.0,0.6106870229007634,137,-3.8
Logan Cooley,UTA,20242025,84.15,C,10.5,7.8,7.672014260249554,7.84313725490196,0.0,0.0,0.0,0.0,138,-2.7
Anze Kopitar,L.A,20242025,80.95,C,10.5,8.5,8.420012353304507,8.153180975911056,0.7411982705373688,0.7411982705373688,1.4823965410747375,0.0,139,-2.0
Scott Laughton,"PHI, TOR",20242025,118.51666666667,C,10.5,5.0,6.986359161861707,8.606384474757176,0.0,0.0,0.0,0.5062579102798339,140,-5.5
Anthony Cirelli,T.B,20242025,155.33333333333,C,10.5,13.4,9.351502145922948,6.180257510729747,0.0,0.0,0.7725321888412183,1.1587982832618275,141,2.9000000000000004
Alex Iafallo,WPG,20242025,143.61666666667,L,10.4,9.0,7.904375072530861,7.102239758616523,0.0,0.4177788093303837,0.0,0.0,142,-1.4000000000000004
Esa Lindell,DAL,20242025,271.83333333333,D,10.3,14.3,7.676762722256379,5.959534028203628,0.0,0.0,0.0,0.0,143,4.0
Marcus Foligno,MIN,20242025,105.88333333333,L,10.2,7.4,6.754604124036101,9.066582716826982,0.0,0.0,0.0,0.0,144,-2.799999999999999
Nick Jensen,OTT,20242025,135.01666666667,D,10.2,16.1,8.598938402666125,5.7770645599307295,0.0,0.0,0.0,0.0,145,5.900000000000002
John Marino,UTA,20242025,68.233333333333,D,10.2,11.3,9.989252564728922,7.034684904738676,0.0,0.0,0.0,0.0,146,1.1000000000000014
Connor Murphy,CHI,20242025,153.8,D,10.1,12.2,7.931079323797138,6.631989596879063,0.0,0.0,0.0,0.0,147,2.0999999999999996
Blake Lizotte,PIT,20242025,75.583333333333,C,10.0,14.4,7.144432194046338,5.556780595369374,0.0,0.0,0.0,0.0,148,4.4
Sean Monahan,CBJ,20242025,80.366666666667,C,10.0,7.4,6.793861468270398,9.705516383243427,0.0,0.0,1.493156366652835,0.0,149,-2.5999999999999996
Connor Clifton,BUF,20242025,191.86666666667,D,10.0,9.9,6.961084086170832,7.505211952744831,0.0,0.0,0.0,0.0,150,-0.09999999999999964
Jackson LaCombe,ANA,20242025,159.31666666667,D,10.0,1.8,7.189454963908208,9.415210796108182,1.5064337273773094,1.5064337273773094,1.5064337273773094,0.0,151,-8.2
Arber Xhekaj,MTL,20242025,63.45,D,9.9,18.0,9.04964539007092,3.782505910165484,0.0,0.0,0.0,0.0,152,8.1
Casey Cizikas,NYI,20242025,67.916666666667,C,9.9,-2.7,6.351901840490767,10.60122699386498,0.0,0.0,0.0,0.8834355828220817,153,-12.600000000000001
Brock Nelson,"COL, NYI",20242025,74.283333333333,C,9.8,9.6,9.49876598608934,8.077181960960322,0.0,0.0,0.0,2.4231545882880967,154,-0.20000000000000107
William Karlsson,VGK,20242025,71.683333333333,C,9.8,10.9,6.721227621483407,6.696117182050718,0.0,0.0,0.0,1.6740292955126794,155,1.0999999999999996
Sean Kuraly,CBJ,20242025,71.6,C,9.8,10.0,8.0195530726257,8.379888268156426,0.0,0.0,0.0,0.0,156,0.1999999999999993
Jared McCann,SEA,20242025,121.55,L,9.7,8.3,8.149732620320856,8.885232414644179,0.0,0.0,0.9872480460715756,0.0,157,-1.3999999999999986
John Beecher,BOS,20242025,116.26666666667,C,9.6,7.3,7.916284403669497,8.256880733944717,0.0,0.0,1.0321100917430897,0.0,158,-2.3
Claude Giroux,OTT,20242025,182.8,R,9.5,13.1,8.579868708971553,5.908096280087527,0.0,0.3282275711159737,0.3282275711159737,0.0,159,3.5999999999999996
Dante Fabbro,"CBJ, NSH",20242025,101.6,D,9.3,6.3,8.078740157480315,10.039370078740156,0.0,0.0,0.0,0.0,160,-3.000000000000001
Darnell Nurse,EDM,20242025,125.61666666667,D,9.3,-1.4,7.71872097651565,11.941090619609607,0.0,0.0,0.0,0.4776436247843842,161,-10.700000000000001
Zach Aston-Reese,CBJ,20242025,90.133333333333,C,9.3,10.6,8.753698224852105,8.653846153846187,0.0,0.0,0.0,0.0,162,1.299999999999999
Garnet Hathaway,PHI,20242025,91.583333333333,R,9.3,11.2,7.389990900818953,5.896269335759802,0.0,0.0,0.0,1.3102820746132895,163,1.8999999999999986
Oskar Back,DAL,20242025,106.65,C,9.2,14.6,8.056258790436006,6.1884669479606185,0.0,0.0,0.0,0.0,164,5.4
Jake Evans,MTL,20242025,219.13333333333,C,9.1,12.9,8.652266504411449,6.297535746881751,0.0,0.0,0.0,0.821417706115011,165,3.8000000000000007
Brian Dumoulin,"ANA, N.J",20242025,166.0,D,9.1,13.4,8.718072289156627,6.506024096385542,0.3614457831325301,0.0,0.0,0.0,166,4.300000000000001
Jonathan Huberdeau,CGY,20242025,101.83333333333,"C, L",9.1,13.2,7.040916530278462,5.302782324059093,0.0,0.0,0.589198036006566,1.7675941080196975,167,4.1
Johnathan Kovacevic,N.J,20242025,193.7,D,9.1,8.6,8.428497676819825,7.434176561693341,0.0,0.0,0.0,0.0,168,-0.5
Radek Faksa,STL,20242025,89.016666666667,C,9.1,8.3,8.876989327841194,7.414341883542379,0.0,0.0,0.0,0.0,169,-0.7999999999999989
Yakov Trenin,MIN,20242025,90.183333333333,C,9.0,6.4,7.61116244686752,9.314359637774936,0.0,0.0,0.0,0.6653114026982099,170,-2.5999999999999996
Dylan Samberg,WPG,20242025,143.76666666667,D,9.0,15.4,6.98632042661704,4.173429167632641,0.0,0.0,0.0,0.0,171,6.4
Alex Vlasic,CHI,20242025,210.5,D,8.9,10.4,7.980997624703088,7.980997624703088,0.0,0.0,0.0,0.0,172,1.5
Erik Karlsson,PIT,20242025,63.516666666667,D,8.9,15.8,7.075308318026728,4.723169771713436,1.8892679086853743,0.0,3.7785358173707486,0.0,173,6.9
Ryan Lindgren,"COL, NYR",20242025,171.23333333333,D,8.7,14.1,9.02277593926434,5.956784115242475,0.0,0.0,0.0,0.0,174,5.4
Neal Pionk,WPG,20242025,119.05,D,8.7,8.4,7.79672406551869,7.5598488030239395,0.0,0.0,0.503989920201596,0.0,175,-0.29999999999999893
Josh Norris,"BUF, OTT",20242025,122.06666666667,C,8.7,11.4,8.193883123975747,6.389950846531775,0.4915346805024443,0.4915346805024443,0.4915346805024443,0.9830693610048886,176,2.700000000000001
Colin Blackwell,DAL,20242025,113.38333333333,C,8.7,13.3,8.339850066147532,6.879317947964336,0.0,0.0,0.0,1.0583566073791284,177,4.600000000000001
Gustav Forsling,FLA,20242025,215.08333333333,D,8.6,11.9,8.106625339016011,6.69507942657895,0.0,0.0,0.0,0.0,178,3.3000000000000007
Noah Hanifin,VGK,20242025,75.666666666667,D,8.6,2.3,8.032599118942697,10.308370044052818,0.0,0.0,0.0,0.0,179,-6.3
Pavel Buchnevich,STL,20242025,80.616666666667,L,8.4,5.8,10.054992764109944,10.41968162083932,0.0,0.0,1.4885259458341886,0.0,180,-2.6000000000000005
Teuvo Teravainen,CHI,20242025,103.4,C,8.2,20.0,8.39651837524178,2.9013539651837523,0.0,0.0,0.0,0.0,181,11.8
Jason Dickinson,CHI,20242025,141.66666666667,C,8.1,10.0,7.746352941176288,7.19999999999983,0.0,0.0,0.0,0.0,182,1.9000000000000004
Jake Walman,"EDM, S.J",20242025,156.85,D,8.0,1.2,8.29709913930507,9.563277016257572,0.3825310806503028,0.3825310806503028,0.7650621613006057,0.0,183,-6.8
Olli Maatta,"DET, UTA",20242025,126.93333333333,D,7.9,15.1,8.016806722689287,5.199579831932909,0.0,0.0,0.0,0.0,184,7.199999999999999
Frank Vatrano,ANA,20242025,60.633333333333,R,7.5,10.6,8.470588235294164,6.9268829026938255,2.968664101154497,0.9895547003848322,1.9791094007696644,0.9895547003848322,185,3.0999999999999996
Parker Kelly,COL,20242025,148.28333333333,C,7.4,11.2,8.00359671799501,8.4972462627854,0.0,0.0,0.4046307744183523,0.4046307744183523,186,3.799999999999999
Mikael Granlund,"DAL, S.J",20242025,121.86666666667,C,7.4,8.6,9.22155361050303,9.846827133478945,0.9846827133478944,0.0,0.4923413566739471,0.4923413566739471,187,1.1999999999999993
Dawson Mercer,N.J,20242025,157.6,C,7.2,3.0,8.992385786802032,8.756345177664974,0.0,0.0,0.7614213197969543,0.3807106598984771,188,-4.2
Ryan McDonagh,T.B,20242025,198.28333333333,D,7.1,9.5,7.253257123644738,7.262335042447797,0.0,0.0,0.0,0.3025972934353249,189,2.4000000000000004
Chris Tanev,TOR,20242025,174.95,D,7.0,11.7,8.035438696770507,6.516147470705916,0.0,0.0,0.0,0.0,190,4.699999999999999
Alex Tuch,BUF,20242025,172.4,R,7.0,5.4,7.868909512761021,8.700696055684455,3.132250580046404,1.740139211136891,2.436194895591647,2.088167053364269,191,-1.5999999999999996
Jordan Greenway,BUF,20242025,81.466666666667,L,7.0,4.6,8.204582651391128,8.837970540098164,0.0,0.0,0.7364975450081803,0.0,192,-2.4000000000000004
Aleksander Barkov,FLA,20242025,95.25,C,7.0,5.6,8.711811023622047,8.818897637795276,0.0,0.0,1.2598425196850394,0.6299212598425197,193,-1.4000000000000004
Ty Emberson,EDM,20242025,142.26666666667,D,6.9,12.0,7.865510777881727,6.32614807872525,0.0,0.0,0.0,0.0,194,5.1
Aaron Ekblad,FLA,20242025,127.85,D,6.8,11.2,8.860383261634729,7.508799374266719,0.0,0.0,0.0,0.0,195,4.3999999999999995
Mattias Ekholm,EDM,20242025,129.2,D,6.7,4.1,7.086687306501549,9.287925696594428,0.0,0.0,0.0,0.0,196,-2.6000000000000005
Artem Zub,OTT,20242025,134.18333333333,D,6.7,14.0,8.066575580673408,6.2600919140481,0.0,0.0,0.0,0.0,197,7.3
Sam Reinhart,FLA,20242025,116.71666666667,C,6.7,8.1,8.22504640868176,7.710981008139149,0.51406540054261,0.0,0.0,2.5703270027130496,198,1.3999999999999995
Will Borgen,"NYR, SEA",20242025,106.48333333333,D,6.6,10.6,9.201439974957244,7.32508999843504,0.0,0.0,0.0,0.5634684614180799,199,4.0
Jack McBain,UTA,20242025,115.63333333333,C,6.6,8.5,7.892187950418216,8.302104352839674,0.0,0.0,0.0,0.0,200,1.9000000000000004
Zach Bogosian,MIN,20242025,139.1,D,6.4,5.1,7.375988497483826,9.489575844716033,0.0,0.0,0.0,0.0,201,-1.3000000000000007
Joel Armia,MTL,20242025,200.51666666667,R,6.4,13.5,8.420247693458426,5.984539938492129,0.0,0.0,0.0,0.8976809907738194,202,7.1
Bryan Rust,PIT,20242025,84.083333333333,R,6.4,3.1,8.29890981169478,10.7036669970268,0.7135777998017867,0.0,1.4271555996035734,0.0,203,-3.3000000000000003
Mattias Samuelsson,BUF,20242025,163.2,D,6.3,0.1,7.294117647058824,10.661764705882351,0.0,0.0,0.0,0.0,204,-6.2
Kevin Stenlund,UTA,20242025,205.06666666667,C,6.2,7.7,9.354031209362656,7.899869960988169,0.0,0.0,0.0,0.2925877763328951,205,1.5
Ivan Provorov,CBJ,20242025,202.03333333333,D,6.2,10.0,7.644283121597223,7.721498102623457,0.0,0.0,0.0,0.2969806962547483,206,3.8
Ilya Lyubushkin,DAL,20242025,178.51666666667,D,6.2,11.0,8.728596769675871,7.394267575389648,0.0,0.0,0.0,0.0,207,4.8
Logan Stanley,WPG,20242025,75.583333333333,D,6.1,-1.4,8.303417861080522,11.90738699007723,0.0,0.0,0.0,0.0,208,-7.5
Luke Kunin,"CBJ, S.J",20242025,125.46666666667,C,6.1,9.4,7.924017003187887,7.651434643995547,0.0,0.0,0.0,0.0,209,3.3000000000000007
Mikhail Sergachev,UTA,20242025,217.5,D,6.0,9.9,8.31448275862069,6.896551724137931,0.2758620689655172,0.2758620689655172,0.5517241379310345,0.0,210,3.9000000000000004
Dylan DeMelo,WPG,20242025,166.06666666667,D,6.0,9.2,8.562826174227048,6.864712966679911,0.0,0.0,0.0,0.0,211,3.1999999999999993
Carson Soucy,"NYR, VAN",20242025,130.55,D,5.9,3.9,9.738797395633856,10.111068556108773,0.0,0.0,0.0,0.0,212,-2.0000000000000004
Noah Juulsen,VAN,20242025,80.683333333333,D,5.9,14.7,8.068580871720753,5.205536046271453,0.0,0.0,0.0,0.0,213,8.799999999999999
Cole Sillinger,CBJ,20242025,89.116666666667,C,5.8,6.3,9.452777258275631,10.099121002431232,0.6732747334954154,0.6732747334954154,0.0,0.6732747334954154,214,0.5
Alexander Kerfoot,UTA,20242025,194.0,C,5.7,9.4,9.389690721649483,7.11340206185567,0.0,0.0,0.0,0.3092783505154639,215,3.7
Bo Horvat,NYI,20242025,86.933333333333,C,5.7,10.0,9.814417177914148,7.59202453987733,0.0,0.0,0.6901840490797573,1.3803680981595146,216,4.3
Travis Sanheim,PHI,20242025,184.28333333333,D,5.7,12.4,8.139640047029179,5.860540833861008,0.0,0.0,0.0,0.0,217,6.7
Radko Gudas,ANA,20242025,192.3,D,5.6,3.1,8.29641185647426,10.296411856474258,0.0,0.0,0.0,0.0,218,-2.4999999999999996
Alexandre Carrier,"MTL, NSH",20242025,152.11666666667,D,5.6,11.0,7.336474197436019,6.310945546181521,0.0,0.0,0.0,0.0,219,5.4
Robert Thomas,STL,20242025,89.466666666667,C,5.3,6.0,10.314456035767474,10.730253353204134,0.6706408345752584,0.0,0.6706408345752584,0.6706408345752584,220,0.7000000000000002
Brett Howden,VGK,20242025,82.333333333333,C,5.1,-2.8,7.578947368421083,9.473684210526354,0.0,0.0,0.0,0.7287449392712579,221,-7.8999999999999995
Kyle Palmieri,NYI,20242025,84.383333333333,C,5.1,4.9,8.824017380999441,8.53249061821058,0.0,0.0,1.4220817697017636,0.0,222,-0.1999999999999993
Nico Hischier,N.J,20242025,146.26666666667,C,5.0,-5.1,9.27484047401984,11.485870556061728,0.0,0.0,0.0,0.0,223,-10.1
Elias Lindholm,BOS,20242025,136.95,C,4.9,4.1,7.929901423877328,10.076670317634171,3.5049288061336257,1.3143483023001097,2.190580503833516,0.4381161007667032,224,-0.8000000000000007
Henry Thrun,S.J,20242025,69.8,D,4.9,13.3,9.730659025787965,6.017191977077364,0.0,0.0,0.0,0.0,225,8.4
Nic Dowd,WSH,20242025,201.9,C,4.9,11.2,8.169390787518573,6.240713224368498,0.0,0.0,0.0,0.5943536404160475,226,6.299999999999999
Auston Matthews,TOR,20242025,106.41666666667,C,4.8,5.7,10.024745497258888,8.457321848081175,0.0,0.563821456538745,1.12764291307749,1.12764291307749,227,0.9000000000000004
Cody Ceci,"DAL, S.J",20242025,200.7,D,4.8,8.8,9.121076233183857,8.370702541106128,0.0,0.0,0.0,0.0,228,4.000000000000001
Colton Parayko,STL,20242025,136.51666666667,D,4.8,3.2,9.46697594921232,10.548162617506764,0.0,0.0,0.0,0.0,229,-1.5999999999999996
Jack Johnson,CBJ,20242025,62.433333333333,D,4.8,9.1,9.735184196476292,8.649225840897001,0.0,0.0,0.0,0.0,230,4.3
Ryan Shea,PIT,20242025,64.783333333333,D,4.6,12.9,6.890661178286632,5.556984821198896,0.0,0.0,0.0,0.0,231,8.3
Nick Foligno,CHI,20242025,172.03333333333,L,4.6,3.3,8.666925014532236,9.41677969385796,0.0,0.0,0.0,0.3487696182910356,232,-1.2999999999999998
Simon Edvinsson,DET,20242025,120.36666666667,D,4.5,-2.5,8.489061201882901,11.963445029077484,0.0,0.0,0.0,0.0,233,-7.0
Scott Mayfield,NYI,20242025,105.15,D,4.5,3.6,9.03851640513552,10.271041369472185,0.0,0.0,0.0,0.5706134094151213,234,-0.8999999999999999
Ty Dellandrea,S.J,20242025,72.866666666667,C,4.4,-3.0,9.7410795974382,12.351326623970666,0.0,0.0,0.0,0.0,235,-7.4
Rasmus Kupari,WPG,20242025,63.316666666667,C,4.3,1.9,10.603843116609578,12.319031324032576,0.0,0.0,0.0,0.0,236,-2.4
Blake Coleman,CGY,20242025,156.1,"C, L",4.1,11.7,8.832799487508009,6.918641896220372,0.0,0.0,0.0,0.3843689942344651,237,7.6
Brayden McNabb,VGK,20242025,153.11666666667,D,4.0,5.5,7.006422118210362,8.229019266354452,0.0,0.0,0.0,0.3918580603025929,238,1.5
Ian Cole,UTA,20242025,219.9,D,4.0,7.9,8.91132332878581,7.366984993178717,0.0,0.0,0.0,0.0,239,3.9000000000000004
Matt Nieto,PIT,20242025,62.5,L,4.0,10.2,6.6432,7.68,0.0,0.0,0.0,0.0,240,6.199999999999999
Cody Glass,"N.J, PIT",20242025,78.2,C,4.0,19.5,7.872122762148337,3.0690537084398977,0.0,0.0,0.0,0.0,241,15.5
Jake Sanderson,OTT,20242025,196.58333333333,D,4.0,8.0,8.588724035608454,8.24077999152197,0.610428147520146,0.9156422212802192,0.305214073760073,0.0,242,4.0
Tyler Motte,DET,20242025,82.883333333333,C,3.9,-6.7,7.434546551377467,10.858636637844404,0.0,0.0,0.0,0.0,243,-10.6
Dylan Larkin,DET,20242025,88.133333333333,C,3.8,5.4,8.468986384266294,9.531013615733771,0.0,0.6807866868381266,1.3615733736762532,0.0,244,1.6000000000000005
Moritz Seider,DET,20242025,157.46666666667,D,3.8,-2.8,8.371295512277554,12.57408975444512,1.14309906858592,0.0,0.0,0.0,245,-6.6
Brenden Dillon,N.J,20242025,208.81666666667,D,3.8,8.2,9.277995051480415,7.470668050123594,0.0,0.0,0.0,0.0,246,4.3999999999999995
Justin Danforth,CBJ,20242025,98.45,R,3.7,10.4,9.507364144235652,7.313357034027425,0.0,0.0,0.0,0.6094464195022854,247,6.7
Mitch Marner,TOR,20242025,165.33333333333,R,3.5,2.1,9.192338709677603,9.072580645161471,0.0,0.7258064516129179,1.4516129032258358,0.3629032258064589,248,-1.4
Mike Matheson,MTL,20242025,262.06666666667,D,3.3,11.4,9.107606207071877,6.868481302467478,0.0,0.6868481302467477,0.0,0.0,249,8.100000000000001
Adam Henrique,EDM,20242025,124.18333333333,C,3.2,9.0,7.957589585290778,6.764192725808798,0.0,0.0,0.0,0.483156623272057,250,5.8
Ryan Poehling,PHI,20242025,96.75,C,3.2,5.8,8.285271317829457,7.441860465116279,0.0,0.0,0.0,0.0,251,2.5999999999999996
Adam Lowry,WPG,20242025,137.45,C,3.1,7.6,8.72608221171335,6.9843579483448535,0.0,0.0,0.0,0.0,252,4.5
Ryker Evans,SEA,20242025,67.933333333333,D,3.1,5.8,8.646712463199258,8.832188420019671,0.0,0.0,0.0,0.0,253,2.6999999999999997
Connor Dewar,"PIT, TOR",20242025,74.216666666667,C,2.9,10.6,8.221872894677707,6.467549966314816,0.0,0.0,0.0,0.0,254,7.699999999999999
Cam York,PHI,20242025,123.7,D,2.8,11.5,9.240097008892482,5.820533548908649,0.0,0.0,0.0,0.0,255,8.7
Ryan Pulock,NYI,20242025,155.01666666667,D,2.8,2.4,9.223524352219991,10.06343403935039,0.0,0.0,0.0,0.0,256,-0.3999999999999999
Christian Dvorak,MTL,20242025,178.7,C,2.6,10.0,7.796306659205372,6.3794068270845,0.3357582540570789,0.0,0.0,0.0,257,7.4
Alexander Romanov,NYI,20242025,121.6,D,2.6,6.7,7.9292763157894735,8.881578947368421,0.0,0.0,0.0,0.0,258,4.1
Ryan Suter,STL,20242025,159.38333333333,D,2.6,2.4,7.837707832270372,9.787723517724768,0.0,0.0,0.0,0.3764509045278757,259,-0.20000000000000018
Travis Hamonic,OTT,20242025,89.433333333333,D,2.6,-3.8,8.822213939619862,12.076034289973956,0.0,0.0,0.0,0.0,260,-6.4
John Carlson,WSH,20242025,213.9,D,2.5,9.8,8.53295932678822,7.012622720897615,0.0,0.2805049088359046,0.5610098176718092,0.0,261,7.300000000000001
Mark Stone,VGK,20242025,74.716666666667,R,2.5,3.2,8.712915458398355,10.439437876421993,2.409101048405075,0.0,0.8030336828016917,0.0,262,0.7000000000000002
Jack Eichel,VGK,20242025,110.71666666667,C,2.4,1.8,7.7495107632091615,9.754628932710832,1.0838476591900923,0.0,1.0838476591900923,0.5419238295950461,263,-0.5999999999999999
Ryan Graves,PIT,20242025,92.733333333333,D,2.4,8.5,7.369518332135182,8.41121495327106,0.0,0.0,0.0,0.0,264,6.1
Brock Faber,MIN,20242025,152.48333333333,D,2.4,5.0,8.900644879221968,10.230626297956285,0.3934856268444724,0.0,0.3934856268444724,0.0,265,2.6
Yanni Gourde,"SEA, T.B",20242025,61.65,C,2.4,-2.2,9.800486618004866,10.705596107055962,0.0,0.0,0.0,0.0,266,-4.6
David Kampf,TOR,20242025,116.53333333333,C,2.4,12.2,7.790045766590612,6.178489702517339,0.0,0.0,0.0,0.0,267,9.799999999999999
Jake McCabe,TOR,20242025,158.71666666667,D,2.2,9.0,8.44901816654398,7.938674787356758,0.0,0.0,0.0,0.0,268,6.8
Josh Anderson,MTL,20242025,141.0,R,2.1,11.5,8.37872340425532,5.957446808510639,0.0,0.0,0.0,0.425531914893617,269,9.4
Brett Leason,ANA,20242025,104.15,R,2.1,12.1,8.387902064330293,5.760921747479596,1.728276524243879,0.0,0.0,0.0,270,10.0
Barclay Goodrow,S.J,20242025,149.01666666667,C,2.0,9.6,9.035230958505558,7.650150989821995,0.0,0.0,0.402639525780105,0.402639525780105,271,7.6
Isac Lundestrom,ANA,20242025,188.5,C,2.0,6.3,9.421750663129972,9.549071618037136,0.0,0.0,0.0,0.0,272,4.3
Jonas Brodin,MIN,20242025,83.366666666667,D,2.0,2.2,9.25549780087961,12.235105957616904,0.0,0.0,0.0,0.0,273,0.20000000000000018
Jan Rutta,S.J,20242025,94.9,D,1.9,8.8,9.382507903055847,8.21917808219178,0.0,0.0,0.0,0.0,274,6.9
Simon Holmstrom,NYI,20242025,103.5,R,1.6,8.4,9.66376811594203,8.695652173913043,1.1594202898550725,0.0,0.5797101449275363,0.5797101449275363,275,6.800000000000001
Rasmus Andersson,CGY,20242025,190.41666666667,D,1.4,7.3,9.141006564551262,8.50765864332589,0.0,0.0,0.3150984682713292,0.0,276,5.9
Morgan Barron,WPG,20242025,87.05,C,1.4,13.1,8.422745548535325,6.203331418724871,0.0,0.0,0.0,0.0,277,11.7
Frederick Gaudreau,MIN,20242025,141.41666666667,C,1.2,6.6,9.35109015910408,9.75839717147885,0.0,0.0,0.0,0.0,278,5.3999999999999995
Simon Benoit,TOR,20242025,156.21666666667,D,1.1,7.1,9.068174543902504,8.065720687079738,0.0,0.0,0.0,0.0,279,6.0
Matthew Knies,TOR,20242025,105.35,L,0.9,11.7,8.730897009966778,6.264831514000949,1.1390602752728998,0.0,0.0,0.0,280,10.799999999999999
Martin Fehervary,WSH,20242025,232.61666666667,D,0.9,10.5,8.609873181915763,6.964247331088243,0.0,0.0,0.0,0.0,281,9.6
Mikael Backlund,CGY,20242025,163.5,C,0.6,6.6,9.559633027522937,9.174311926605505,0.0,0.0,0.3669724770642202,0.0,282,6.0
Mario Ferraro,S.J,20242025,201.58333333333,D,0.6,5.1,9.280529144274649,9.52459694088482,0.0,0.0,0.0,0.0,283,4.5
Ryan Nugent-Hopkins,EDM,20242025,128.81666666667,C,0.4,5.2,8.351403803855392,8.384008280501789,0.4657782378056549,0.0,0.4657782378056549,0.4657782378056549,284,4.8
Adam Pelech,NYI,20242025,113.63333333333,D,0.2,6.2,10.25403344089206,8.448225286007874,0.0,0.0,0.0,0.0,285,6.0
Noel Acciari,PIT,20242025,178.31666666667,C,0.0,10.2,7.173754556500474,7.402560987007994,0.0,0.0,0.0,0.0,286,10.2
Collin Graf,S.J,20242025,64.366666666667,R,-0.3,8.7,8.752977731745165,6.525116519937822,0.0,0.0,0.9321595028482604,0.9321595028482604,287,9.0
Alex Pietrangelo,VGK,20242025,139.35,D,-0.5,4.8,7.582346609257266,8.611410118406889,0.0,0.0,0.0,0.0,288,5.3
Brandon Duhaime,WSH,20242025,181.33333333333,R,-0.9,8.1,8.655882352941337,7.6102941176472,0.0,0.0,0.0,0.0,289,9.0
Ben Chiarot,DET,20242025,138.65,D,-1.0,-2.9,9.234763793725207,12.116840966462314,0.0,0.0,0.0,0.0,290,-1.9
David Savard,MTL,20242025,223.61666666667,D,-1.1,10.9,9.219348587612592,6.976224193187643,0.0,0.0,0.0,0.0,291,12.0
Jean-Gabriel Pageau,NYI,20242025,131.63333333333,C,-1.8,4.6,9.581159787288165,9.572043555330705,0.0,0.0,0.0,0.4558115978728908,292,6.3999999999999995
Kevin Bahl,CGY,20242025,172.38333333333,D,-2.4,6.2,9.411582712946135,9.049598762448207,0.0,0.0,0.0,0.0,293,8.6
Jake Middleton,MIN,20242025,132.3,D,-3.0,7.3,8.843537414965986,8.616780045351474,0.0,0.0,0.0,0.0,294,10.3
Justin Holl,DET,20242025,87.433333333333,D,-3.6,4.2,9.209302325581431,8.921082729698853,0.0,0.0,0.0,0.0,295,7.800000000000001
Adam Larsson,SEA,20242025,214.0,D,-4.3,7.0,9.039252336448598,8.130841121495326,0.0,0.0,0.0,0.0,296,11.3
Jamie Oleksiak,SEA,20242025,210.95,D,-5.0,6.3,9.260962313344397,8.248400094809197,0.0,0.0,0.0,0.0,297,11.3
Joel Eriksson Ek,MIN,20242025,78.9,C,-5.8,3.3,9.73384030418251,11.406844106463875,0.7604562737642585,0.7604562737642585,0.7604562737642585,0.0,298,9.1
Michael Rasmussen,DET,20242025,64.016666666667,C,-6.3,-1.8,10.469148659203276,11.247071075240765,0.0,0.0,0.0,0.0,299,4.5
Chandler Stephenson,SEA,20242025,149.8,C,-6.9,10.6,9.448598130841122,5.607476635514018,0.0,0.0,0.0,0.8010680907877169,300,17.5
Brandon Tanev,"SEA, WPG",20242025,153.01666666667,L,-9.5,7.0,9.64600806012396,7.450168826925009,0.0,0.0,0.0,0.0,301,16.5
